{"cameraMode":{"drawMode":0,"name":"Shaded","section":"Shading Mode"},"sceneLighting":true,"audioPlay":false,"sceneViewState":{"m_AlwaysRefresh":false,"showFog":true,"showSkybox":true,"showFlares":true,"showImageEffects":true,"showParticleSystems":true,"showVisualEffectGraphs":true,"m_FxEnabled":true},"in2DMode":false,"pivot":{"x":437.980712890625,"y":212.38482666015626,"z":198.6131591796875},"rotation":{"x":-0.002322984393686056,"y":-0.9964293837547302,"z":-0.07967446744441986,"w":0.029009997844696046},"size":79.69804382324219,"orthographic":false}